{"cameraMode":{"drawMode":0,"name":"Shaded","section":"Shading Mode"},"sceneLighting":true,"audioPlay":false,"sceneViewState":{"m_AlwaysRefresh":false,"showFog":true,"showSkybox":true,"showFlares":true,"showImageEffects":true,"showParticleSystems":true,"showVisualEffectGraphs":true,"m_FxEnabled":true},"in2DMode":false,"pivot":{"x":511.3569030761719,"y":6.1146416664123539,"z":428.6728210449219},"rotation":{"x":0.18724487721920014,"y":0.4984418749809265,"z":-0.11009242385625839,"w":0.8392767310142517},"size":13.266016006469727,"orthographic":false}